Price,Adj Close,Close,High,Low,Open,Volume
Ticker,JIOFIN.NS,JIOFIN.NS,JIOFIN.NS,JIOFIN.NS,JIOFIN.NS,JIOFIN.NS
Date,,,,,,
2023-08-21,247.9318389892578,248.89999389648438,262.04998779296875,248.89999389648438,262.0,74715306
2023-08-22,235.5302734375,236.4499969482422,236.4499969482422,236.4499969482422,236.4499969482422,7281398
2023-08-23,223.77615356445312,224.64999389648438,224.64999389648438,224.64999389648438,224.64999389648438,4289046
2023-08-24,212.61972045898438,213.4499969482422,213.4499969482422,213.4499969482422,213.4499969482422,27673356
2023-08-25,213.66566467285156,214.5,224.10000610351562,202.8000030517578,202.8000030517578,281040185
2023-08-28,210.32867431640625,211.14999389648438,222.25,207.5500030517578,213.35000610351562,87522126
2023-08-29,219.39328002929688,220.25,221.6999969482422,207.25,212.0,92693424
2023-08-30,230.35049438476562,231.25,231.25,224.6999969482422,224.89999389648438,21403170
2023-08-31,232.59173583984375,233.5,242.8000030517578,231.14999389648438,241.6999969482422,124122179
2023-09-01,244.19642639160156,245.14999389648438,245.14999389648438,234.1999969482422,235.0,39481020
2023-09-04,252.46414184570312,253.4499969482422,266.95001220703125,249.0,255.3000030517578,99246736
2023-09-05,254.05792236328125,255.0500030517578,260.0,253.0,257.0,47127078
2023-09-06,251.86648559570312,252.85000610351562,259.79998779296875,246.0500030517578,247.0,225413157
2023-09-07,250.82057189941406,251.8000030517578,257.29998779296875,251.25,252.0,43856832
2023-09-08,252.21511840820312,253.1999969482422,255.0,249.5,254.0,36090005
2023-09-11,249.17698669433594,250.14999389648438,257.70001220703125,250.0,256.95001220703125,24982858
2023-09-12,243.2999267578125,244.25,252.0,240.89999389648438,251.75,39500716
2023-09-13,239.2656707763672,240.1999969482422,247.8000030517578,236.60000610351562,244.8000030517578,27810990
2023-09-14,241.60653686523438,242.5500030517578,244.5500030517578,241.25,242.0,14055236
2023-09-15,238.4687957763672,239.39999389648438,244.64999389648438,237.64999389648438,243.8000030517578,27416106
2023-09-18,232.29290771484375,233.1999969482422,240.85000610351562,232.10000610351562,240.0,24694419
2023-09-20,228.7567138671875,229.64999389648438,232.0,229.0,230.39999389648438,18317607
2023-09-21,226.76449584960938,227.64999389648438,235.60000610351562,226.8000030517578,230.0,33101551
2023-09-22,226.91392517089844,227.8000030517578,232.25,226.35000610351562,227.9499969482422,38327554
2023-09-25,228.8563232421875,229.75,230.85000610351562,227.5,230.0,13392150
2023-09-26,229.50379943847656,230.39999389648438,231.6999969482422,230.0,231.10000610351562,8058261
2023-09-27,226.46568298339844,227.35000610351562,231.1999969482422,227.0,231.1999969482422,10984321
2023-09-28,224.17462158203125,225.0500030517578,228.85000610351562,224.75,228.0,9143582
2023-09-29,230.30068969726562,231.1999969482422,232.89999389648438,225.0,225.89999389648438,12411231
2023-10-03,230.49990844726562,231.39999389648438,233.89999389648438,230.5500030517578,231.5,13185432
2023-10-04,223.77615356445312,224.64999389648438,230.0,223.5,230.0,23296548
2023-10-05,224.52325439453125,225.39999389648438,227.89999389648438,224.1999969482422,225.89999389648438,13894930
2023-10-06,224.22442626953125,225.10000610351562,227.64999389648438,223.6999969482422,226.5,7531900
2023-10-09,218.7956085205078,219.64999389648438,223.0,218.85000610351562,223.0,9696908
2023-10-10,219.2936553955078,220.14999389648438,223.89999389648438,219.75,221.0,10451289
2023-10-11,224.22442626953125,225.10000610351562,227.6999969482422,220.60000610351562,222.0,11765082
2023-10-12,224.2742156982422,225.14999389648438,227.39999389648438,224.75,227.0,7780605
2023-10-13,223.67657470703125,224.5500030517578,225.89999389648438,222.0,224.0,10137218
2023-10-16,223.9255828857422,224.8000030517578,225.9499969482422,224.0,224.89999389648438,10850724
2023-10-17,220.09056091308594,220.9499969482422,233.0,220.5,231.5,34190044
2023-10-18,215.15982055664062,216.0,222.89999389648438,215.5500030517578,221.60000610351562,27712062
2023-10-19,213.36680603027344,214.1999969482422,216.0,209.0500030517578,216.0,42127110
2023-10-20,213.36680603027344,214.1999969482422,217.0,213.0,215.5,11101464
2023-10-23,205.79638671875,206.60000610351562,214.1999969482422,204.25,214.0,17817781
2023-10-25,209.3325653076172,210.14999389648438,211.8000030517578,206.5,206.60000610351562,22079260
2023-10-26,215.01040649414062,215.85000610351562,217.0,206.4499969482422,208.0,23734035
2023-10-27,222.03297424316406,222.89999389648438,225.60000610351562,216.4499969482422,219.60000610351562,20929447
2023-10-30,218.1481475830078,219.0,226.1999969482422,218.14999389648438,224.5,13508666
2023-10-31,218.1481475830078,219.0,223.1999969482422,215.5500030517578,222.0,17538202
2023-11-01,216.8033905029297,217.64999389648438,222.0500030517578,215.3000030517578,216.0,15862624
2023-11-02,216.5045623779297,217.35000610351562,219.60000610351562,216.6999969482422,218.5,13261567
2023-11-03,218.1979522705078,219.0500030517578,220.64999389648438,217.64999389648438,219.0,8569115
2023-11-06,216.3053436279297,217.14999389648438,220.6999969482422,216.75,220.39999389648438,11494092
2023-11-07,216.3551483154297,217.1999969482422,218.8000030517578,216.5,217.89999389648438,7558170
2023-11-08,213.31700134277344,214.14999389648438,217.89999389648438,213.8000030517578,217.8000030517578,17101608
2023-11-09,214.3131103515625,215.14999389648438,217.6999969482422,214.85000610351562,214.85000610351562,17250096
2023-11-10,221.086669921875,221.9499969482422,222.9499969482422,214.35000610351562,214.85000610351562,18467219
2023-11-13,223.8757781982422,224.75,225.89999389648438,222.25,223.0,12086991
2023-11-15,223.27810668945312,224.14999389648438,227.35000610351562,223.1999969482422,226.9499969482422,15782001
2023-11-16,226.0672149658203,226.9499969482422,229.3000030517578,223.85000610351562,225.5,17856032
2023-11-17,219.94114685058594,220.8000030517578,226.0,220.39999389648438,226.0,19607105
2023-11-20,214.66175842285156,215.5,221.75,215.0500030517578,221.75,20403368
2023-11-21,219.34347534179688,220.1999969482422,223.14999389648438,216.5500030517578,217.39999389648438,25625463
2023-11-22,221.03684997558594,221.89999389648438,223.39999389648438,218.5,219.6999969482422,15012272
2023-11-23,220.38938903808594,221.25,223.25,219.60000610351562,222.5,11267951
2023-11-24,225.6189727783203,226.5,227.85000610351562,220.5,221.89999389648438,31420610
2023-11-28,225.4695587158203,226.35000610351562,232.3000030517578,225.3000030517578,228.0500030517578,25668670
2023-11-29,225.1707305908203,226.0500030517578,229.35000610351562,224.1999969482422,229.35000610351562,14007708
2023-11-30,228.5076904296875,229.39999389648438,231.8000030517578,222.64999389648438,226.0500030517578,45432216
2023-12-01,224.62286376953125,225.5,231.60000610351562,224.85000610351562,231.4499969482422,17634910
2023-12-04,229.20498657226562,230.10000610351562,232.0,227.89999389648438,229.75,21079668
2023-12-05,241.55673217773438,242.5,246.0,229.39999389648438,231.0,60847483
2023-12-06,246.0890350341797,247.0500030517578,251.60000610351562,243.0,244.89999389648438,45262704
2023-12-07,248.1808624267578,249.14999389648438,250.6999969482422,245.10000610351562,249.0,23000400
2023-12-08,243.2999267578125,244.25,250.5,240.0,249.0,19056798
2023-12-11,244.64468383789062,245.60000610351562,247.0,243.0500030517578,244.85000610351562,8875953
2023-12-12,239.6143341064453,240.5500030517578,247.3000030517578,238.3000030517578,246.0500030517578,12749596
2023-12-13,238.8174285888672,239.75,242.39999389648438,235.35000610351562,242.0,13774944
2023-12-14,237.67190551757812,238.60000610351562,243.75,238.0500030517578,242.89999389648438,14352896
2023-12-15,236.72560119628906,237.64999389648438,242.60000610351562,236.39999389648438,240.0,26225287
2023-12-18,239.21588134765625,240.14999389648438,242.1999969482422,237.60000610351562,241.0,17001755
2023-12-19,237.37307739257812,238.3000030517578,240.8000030517578,237.89999389648438,240.3000030517578,13053454
2023-12-20,231.19720458984375,232.10000610351562,248.1999969482422,230.0500030517578,238.89999389648438,44628843
2023-12-21,237.07423400878906,238.0,238.6999969482422,229.0,230.85000610351562,17015304
2023-12-22,235.82911682128906,236.75,239.75,234.60000610351562,238.75,10871312
2023-12-26,233.7870635986328,234.6999969482422,238.0,233.6999969482422,237.25,11865886
2023-12-27,233.08981323242188,234.0,237.25,233.0,236.0,12430460
2023-12-28,232.4423370361328,233.35000610351562,236.35000610351562,232.5500030517578,235.0,10533952
2023-12-29,232.0438690185547,232.9499969482422,235.1999969482422,232.25,233.89999389648438,11614923
2024-01-01,233.63766479492188,234.5500030517578,236.39999389648438,233.3000030517578,233.35000610351562,7919961
2024-01-02,234.43455505371094,235.35000610351562,236.0,232.0,235.0,9216592
2024-01-03,233.58786010742188,234.5,236.0,233.5500030517578,235.39999389648438,9864949
2024-01-04,240.4610137939453,241.39999389648438,243.25,236.8000030517578,238.85000610351562,32808937
2024-01-05,242.70225524902344,243.64999389648438,248.1999969482422,241.5,244.5,29722064
2024-01-08,241.4571075439453,242.39999389648438,246.89999389648438,240.3000030517578,246.85000610351562,21118013
2024-01-09,241.20809936523438,242.14999389648438,244.64999389648438,241.5,243.89999389648438,10689245
2024-01-10,240.01275634765625,240.9499969482422,242.3000030517578,239.3000030517578,242.0,11798543
2024-01-11,250.571533203125,251.5500030517578,253.39999389648438,240.64999389648438,243.0,45792818
2024-01-12,254.05792236328125,255.0500030517578,259.3500061035156,253.6999969482422,255.0,46763296
2024-01-15,254.05792236328125,255.0500030517578,255.0500030517578,255.0500030517578,255.0500030517578,0
2024-01-16,247.88204956054688,248.85000610351562,258.0,246.5,254.10000610351562,70456857
2024-01-17,241.60653686523438,242.5500030517578,247.0,242.14999389648438,247.0,28318086
2024-01-18,242.30381774902344,243.25,247.89999389648438,239.0500030517578,243.4499969482422,24804800
2024-01-19,245.2921600341797,246.25,249.14999389648438,245.39999389648438,245.85000610351562,16563079
2024-01-23,239.46490478515625,240.39999389648438,248.0500030517578,240.0,247.85000610351562,13184700
2024-01-24,238.8174285888672,239.75,241.5500030517578,237.10000610351562,240.0,15276800
2024-01-25,238.91705322265625,239.85000610351562,242.64999389648438,238.89999389648438,240.39999389648438,12352497
2024-01-29,250.023681640625,251.0,254.39999389648438,240.0,242.0,41148261
2024-01-30,246.73651123046875,247.6999969482422,253.9499969482422,247.10000610351562,253.14999389648438,15292451
2024-01-31,247.2843780517578,248.25,250.60000610351562,246.10000610351562,247.64999389648438,15183900
2024-02-01,251.418212890625,252.39999389648438,254.6999969482422,249.1999969482422,251.0,24323325
2024-02-02,252.8127899169922,253.8000030517578,257.29998779296875,250.60000610351562,252.5,30218956
2024-02-05,287.9754638671875,289.1000061035156,295.70001220703125,255.6999969482422,256.3500061035156,211028604
2024-02-06,269.8960876464844,270.95001220703125,285.70001220703125,266.04998779296875,285.70001220703125,86635613
2024-02-07,267.4555969238281,268.5,275.70001220703125,267.3999938964844,273.45001220703125,30963705
2024-02-08,261.77777099609375,262.79998779296875,270.3999938964844,261.95001220703125,270.0,21948925
2024-02-09,271.9381103515625,273.0,276.29998779296875,258.3999938964844,264.3999938964844,51120889
2024-02-12,270.3941650390625,271.45001220703125,281.1000061035156,267.70001220703125,276.1000061035156,47043875
2024-02-13,271.6890563964844,272.75,275.3999938964844,263.70001220703125,270.45001220703125,31220101
2024-02-14,271.9381103515625,273.0,275.0,268.54998779296875,269.8999938964844,21374190
2024-02-15,272.9840087890625,274.04998779296875,279.0,273.0,275.0,19477720
2024-02-16,270.8423767089844,271.8999938964844,276.75,271.0,275.29998779296875,14337059
2024-02-19,272.9342041015625,274.0,277.1000061035156,271.8999938964844,273.25,18390283
2024-02-20,280.6042785644531,281.70001220703125,289.29998779296875,273.6000061035156,274.20001220703125,55688591
2024-02-21,288.9715881347656,290.1000061035156,294.5,283.20001220703125,284.0,64130106
2024-02-22,301.6719970703125,302.8500061035156,305.29998779296875,291.1000061035156,291.70001220703125,75689296
2024-02-23,332.6510314941406,333.95001220703125,347.0,305.3500061035156,305.79998779296875,270077122
2024-02-26,326.5249328613281,327.79998779296875,348.0,325.75,340.45001220703125,107359705
2024-02-27,317.2611083984375,318.5,338.70001220703125,316.54998779296875,329.29998779296875,57002014
2024-02-28,307.10076904296875,308.29998779296875,322.45001220703125,306.04998779296875,320.0,48176158
2024-02-29,308.794189453125,310.0,322.0,308.0,312.0,81356675
2024-03-01,316.6634216308594,317.8999938964844,321.6000061035156,311.54998779296875,313.5,37623310
2024-03-04,321.3451843261719,322.6000061035156,331.5,320.6000061035156,329.95001220703125,24183886
2024-03-05,320.44866943359375,321.70001220703125,327.8999938964844,319.5,324.0,18301432
2024-03-06,325.08056640625,326.3500061035156,333.8999938964844,321.3500061035156,322.95001220703125,53717380
2024-03-07,332.6011962890625,333.8999938964844,337.3999938964844,324.20001220703125,329.0,35988723
2024-03-11,354.2666015625,355.6499938964844,359.8500061035156,332.45001220703125,336.8999938964844,121739384
2024-03-12,360.4425048828125,361.8500061035156,374.5,358.75,360.0,111054091
2024-03-13,326.92340087890625,328.20001220703125,366.8999938964844,324.5,363.70001220703125,99102083
2024-03-14,337.033935546875,338.3500061035156,341.5,318.0,328.0,74698602
2024-03-15,343.4090270996094,344.75,348.8500061035156,336.45001220703125,340.0,55087417
2024-03-18,351.1786804199219,352.54998779296875,359.70001220703125,342.5,346.95001220703125,48365406
2024-03-19,351.9257507324219,353.29998779296875,357.8999938964844,347.0,353.3999938964844,42007913
2024-03-20,336.1872253417969,337.5,356.3500061035156,335.6499938964844,353.29998779296875,50983696
2024-03-21,337.382568359375,338.70001220703125,348.29998779296875,337.1000061035156,344.5,28731856
2024-03-22,343.30938720703125,344.6499938964844,346.8999938964844,336.70001220703125,338.0,20548126
2024-03-26,344.8035888671875,346.1499938964844,352.5,343.54998779296875,345.0,27168989
2024-03-27,349.33587646484375,350.70001220703125,355.6000061035156,348.0,348.25,50090709
2024-03-28,352.3740234375,353.75,357.75,350.3999938964844,354.8500061035156,22677067
2024-04-01,355.56158447265625,356.95001220703125,364.20001220703125,355.6000061035156,357.0,23644472
2024-04-02,355.7109680175781,357.1000061035156,362.8500061035156,356.5,359.0,29684726
2024-04-03,355.7109680175781,357.1000061035156,359.79998779296875,353.20001220703125,356.5,17920490
2024-04-04,359.8946228027344,361.29998779296875,367.79998779296875,358.0,359.3999938964844,33926426
2024-04-05,371.7483825683594,373.20001220703125,374.8500061035156,359.04998779296875,361.0,46979676
2024-04-08,367.813720703125,369.25,378.70001220703125,367.54998779296875,376.0,32853747
2024-04-09,366.269775390625,367.70001220703125,374.70001220703125,365.3999938964844,371.0,23367026
2024-04-10,369.0090637207031,370.45001220703125,372.3999938964844,367.54998779296875,369.6499938964844,16540320
2024-04-12,370.75225830078125,372.20001220703125,378.8500061035156,368.20001220703125,370.1499938964844,32481005
2024-04-15,352.921875,354.29998779296875,362.95001220703125,351.0,362.0,46281481
2024-04-16,360.4425048828125,361.8500061035156,371.95001220703125,360.1000061035156,364.8999938964844,48921026
2024-04-18,376.9281005859375,378.3999938964844,384.3999938964844,367.0,369.1499938964844,75356224
2024-04-19,368.6604309082031,370.1000061035156,378.1000061035156,368.6499938964844,378.0,39515729
2024-04-22,381.2113952636719,382.70001220703125,384.8500061035156,375.25,378.0,48640726
2024-04-23,386.44097900390625,387.95001220703125,394.70001220703125,385.0,387.0,35550933
2024-04-24,380.36468505859375,381.8500061035156,391.5,379.5,390.70001220703125,27660953
2024-04-25,380.8129577636719,382.29998779296875,387.3500061035156,380.25,381.8500061035156,17043110
2024-04-26,380.2651062011719,381.75,384.8500061035156,380.54998779296875,384.29998779296875,14131318
2024-04-29,379.01995849609375,380.5,384.75,378.04998779296875,383.6000061035156,16136167
2024-04-30,375.5335693359375,377.0,383.79998779296875,375.5,380.5,16844939
2024-05-02,378.1732482910156,379.6499938964844,381.3500061035156,372.5,377.0,19658857
2024-05-03,374.4378356933594,375.8999938964844,385.8500061035156,374.3500061035156,380.54998779296875,21862922
2024-05-06,368.809814453125,370.25,378.8999938964844,367.79998779296875,378.1000061035156,13990739
2024-05-07,354.8642578125,356.25,370.70001220703125,353.6000061035156,370.25,29499389
2024-05-08,353.8183898925781,355.20001220703125,363.79998779296875,352.1000061035156,355.0,20022506
2024-05-09,344.0564880371094,345.3999938964844,359.25,344.6000061035156,357.0,23209803
2024-05-10,346.4969482421875,347.8500061035156,349.0,336.79998779296875,346.3999938964844,24450324
2024-05-13,340.0222473144531,341.3500061035156,347.8999938964844,335.3999938964844,347.8500061035156,20674537
2024-05-14,351.0790710449219,352.45001220703125,353.70001220703125,342.20001220703125,344.0,19646171
2024-05-15,352.4736328125,353.8500061035156,358.79998779296875,351.29998779296875,354.04998779296875,16860136
2024-05-16,353.6689453125,355.04998779296875,359.1499938964844,352.3999938964844,356.3999938964844,12290684
2024-05-17,355.81060791015625,357.20001220703125,358.3999938964844,355.0,357.0,8815474
2024-05-21,356.3584289550781,357.75,362.20001220703125,355.75,361.0,11792817
2024-05-22,356.2588195800781,357.6499938964844,360.70001220703125,355.20001220703125,359.0,12042414
2024-05-23,366.3195495605469,367.75,376.0,357.3999938964844,357.6499938964844,37524603
2024-05-24,363.97869873046875,365.3999938964844,370.70001220703125,364.20001220703125,368.5,18501102
2024-05-27,358.64947509765625,360.04998779296875,368.6000061035156,359.1499938964844,368.0,15955078
2024-05-28,355.4619445800781,356.8500061035156,363.75,355.25,361.0,9228162
2024-05-29,347.8417053222656,349.20001220703125,356.1499938964844,348.1000061035156,355.0,15141731
2024-05-30,346.3973388671875,347.75,351.5,346.5,348.75,9873346
2024-05-31,343.01055908203125,344.3500061035156,357.8999938964844,342.1000061035156,355.04998779296875,34213953
2024-06-03,354.7148742675781,356.1000061035156,368.0,353.79998779296875,368.0,24058623
2024-06-04,331.6549072265625,332.95001220703125,358.0,307.29998779296875,358.0,59211461
2024-06-05,344.2557373046875,345.6000061035156,347.8999938964844,327.0,339.0,24785002
2024-06-06,348.0409240722656,349.3999938964844,352.79998779296875,348.04998779296875,350.0,16246617
2024-06-07,351.7763366699219,353.1499938964844,355.3500061035156,347.0,349.70001220703125,22668347
2024-06-10,348.98724365234375,350.3500061035156,357.3500061035156,348.70001220703125,355.25,15670416
2024-06-11,348.88763427734375,350.25,354.5,349.54998779296875,351.75,12762033
2024-06-12,359.5459899902344,360.95001220703125,363.5,351.54998779296875,351.95001220703125,29997548
2024-06-13,359.3965759277344,360.79998779296875,366.3999938964844,358.20001220703125,365.0,27424843
2024-06-14,355.6113586425781,357.0,362.75,356.1000061035156,362.0,19858187
2024-06-18,361.7872619628906,363.20001220703125,365.0,357.6000061035156,358.75,22666205
2024-06-19,356.9062805175781,358.29998779296875,363.95001220703125,357.04998779296875,363.95001220703125,15717813
2024-06-20,364.1280822753906,365.54998779296875,368.29998779296875,358.0,358.8999938964844,33575312
2024-06-21,359.4961853027344,360.8999938964844,366.79998779296875,359.1499938964844,366.0,21075778
2024-06-24,353.9677734375,355.3500061035156,356.3999938964844,352.29998779296875,356.0,16858520
2024-06-25,357.65338134765625,359.04998779296875,362.5,356.25,356.95001220703125,13212387
2024-06-26,354.8642578125,356.25,359.70001220703125,353.1499938964844,358.95001220703125,27206818
2024-06-27,352.2245788574219,353.6000061035156,358.3999938964844,348.0,356.25,18689181
2024-06-28,356.75689697265625,358.1499938964844,362.0,355.3999938964844,357.0,23411225
2024-07-01,351.42767333984375,352.79998779296875,358.3999938964844,352.04998779296875,358.1499938964844,15688767
2024-07-02,349.63470458984375,351.0,355.45001220703125,350.0,353.20001220703125,12146516
2024-07-03,349.9335021972656,351.29998779296875,356.3999938964844,349.70001220703125,353.0,12102104
2024-07-04,349.48529052734375,350.8500061035156,356.8500061035156,350.29998779296875,352.0,11944846
2024-07-05,351.3778991699219,352.75,354.79998779296875,349.1000061035156,350.8500061035156,15513571
2024-07-08,346.9451904296875,348.29998779296875,353.54998779296875,347.20001220703125,353.0,11525948
2024-07-09,348.4891662597656,349.8500061035156,353.70001220703125,348.54998779296875,349.1000061035156,8908509
2024-07-10,346.5965881347656,347.95001220703125,350.8999938964844,344.1000061035156,350.3999938964844,11556794
2024-07-11,346.6961669921875,348.04998779296875,351.3500061035156,347.0,349.5,8045640
2024-07-12,348.98724365234375,350.3500061035156,356.3999938964844,350.0,354.5,16327807
2024-07-15,354.017578125,355.3999938964844,356.70001220703125,351.70001220703125,354.29998779296875,15488346
2024-07-16,342.91094970703125,344.25,350.3500061035156,343.1000061035156,350.0,25005251
2024-07-18,335.68914794921875,337.0,346.1499938964844,336.0,345.6000061035156,25188963
2024-07-19,337.4323425292969,338.75,342.0,332.04998779296875,337.04998779296875,15349322
2024-07-22,339.6238098144531,340.95001220703125,343.0,334.29998779296875,338.75,12279130
2024-07-23,333.5973205566406,334.8999938964844,342.0,326.0,342.0,13863332
2024-07-24,333.3981018066406,334.70001220703125,339.0,334.6000061035156,335.25,8729363
2024-07-25,327.91949462890625,329.20001220703125,333.6499938964844,328.0,333.0,12201643
2024-07-26,330.6090087890625,331.8999938964844,336.6499938964844,329.54998779296875,329.8500061035156,9688122
2024-07-29,328.9156188964844,330.20001220703125,335.20001220703125,329.5,334.5,12628377
2024-07-30,328.0689392089844,329.3500061035156,331.75,329.1000061035156,331.0,8705901
2024-07-31,327.22222900390625,328.5,331.25,327.5,329.3500061035156,12402209
2024-08-01,327.4214782714844,328.70001220703125,332.8999938964844,328.25,329.0,13137038
2024-08-02,324.98095703125,326.25,328.25,324.54998779296875,325.95001220703125,7284359
2024-08-05,315.8167419433594,317.04998779296875,322.20001220703125,315.0,317.95001220703125,16751766
2024-08-06,310.1389465332031,311.3500061035156,322.0,310.0,317.1499938964844,12640387
2024-08-07,328.46734619140625,329.75,337.20001220703125,313.29998779296875,316.45001220703125,20755735
2024-08-08,325.1304016113281,326.3999938964844,330.79998779296875,324.0,330.0,9648681
2024-08-09,324.33349609375,325.6000061035156,330.5,324.5,330.20001220703125,7793704
2024-08-12,327.86968994140625,329.1499938964844,330.95001220703125,322.29998779296875,325.0,12463583
2024-08-13,322.0424499511719,323.29998779296875,336.5,322.0,329.5,15172143
2024-08-14,318.9544982910156,320.20001220703125,326.3500061035156,319.20001220703125,326.0,8040049
2024-08-16,326.87359619140625,328.1499938964844,329.54998779296875,319.54998779296875,324.0,16446600
2024-08-19,330.1607666015625,331.45001220703125,334.5,328.79998779296875,331.95001220703125,13708990
2024-08-20,332.8502197265625,334.1499938964844,337.95001220703125,332.0,332.3999938964844,15772046
2024-08-21,329.8121337890625,331.1000061035156,337.25,329.5,335.8999938964844,18916856
2024-08-22,328.3179626464844,329.6000061035156,333.3999938964844,328.8999938964844,332.20001220703125,8368346
2024-08-23,325.8774719238281,327.1499938964844,333.70001220703125,326.70001220703125,330.0,8935180
2024-08-26,321.9926452636719,323.25,334.20001220703125,321.75,332.70001220703125,26118300
2024-08-27,322.3412780761719,323.6000061035156,326.6000061035156,321.6499938964844,324.5,16600233
2024-08-28,320.99652099609375,322.25,330.25,320.8999938964844,327.0,21470187
2024-08-29,324.38330078125,325.6499938964844,333.1000061035156,323.5,324.25,33808226
2024-08-30,320.44866943359375,321.70001220703125,331.6000061035156,320.6499938964844,327.6499938964844,27498340
2024-09-02,343.55841064453125,344.8999938964844,349.3500061035156,323.1499938964844,323.8999938964844,65333808
2024-09-03,348.8377990722656,350.20001220703125,355.0,342.5,351.0,65293715
2024-09-04,345.8494873046875,347.20001220703125,350.29998779296875,343.04998779296875,345.0,22005759
2024-09-05,344.0066833496094,345.3500061035156,350.45001220703125,344.0,348.6000061035156,16406870
2024-09-06,335.5397644042969,336.8500061035156,345.8500061035156,336.0,345.0,17265092
2024-09-09,340.3708801269531,341.70001220703125,345.8500061035156,329.29998779296875,337.95001220703125,18687398
2024-09-10,350.13275146484375,351.5,359.75,340.8500061035156,343.95001220703125,60920830
2024-09-11,342.96075439453125,344.29998779296875,355.3999938964844,343.04998779296875,352.5,22779115
2024-09-12,348.4393615722656,349.79998779296875,351.95001220703125,342.29998779296875,346.29998779296875,18880957
2024-09-13,350.53118896484375,351.8999938964844,354.3999938964844,346.8999938964844,350.3500061035156,17631913
2024-09-16,347.4432678222656,348.79998779296875,354.70001220703125,347.0,352.0,11639025
2024-09-17,350.28216552734375,351.6499938964844,355.5,344.0,348.70001220703125,14931440
2024-09-18,345.5506286621094,346.8999938964844,353.25,345.1000061035156,350.5,12141036
2024-09-19,345.3016052246094,346.6499938964844,350.5,338.45001220703125,348.75,17295767
2024-09-20,352.5234069824219,353.8999938964844,355.8999938964844,348.3500061035156,348.3999938964844,38491941
2024-09-23,352.8720397949219,354.25,361.20001220703125,352.25,354.3500061035156,22868793
2024-09-24,351.0790710449219,352.45001220703125,356.0,349.1000061035156,353.79998779296875,20086102
2024-09-25,351.42767333984375,352.79998779296875,355.0,349.0,351.70001220703125,13663033
2024-09-26,348.4891662597656,349.8500061035156,353.6000061035156,348.95001220703125,352.5,11584354
2024-09-27,357.75299072265625,359.1499938964844,363.0,349.1000061035156,350.0,61551034
2024-09-30,349.23626708984375,350.6000061035156,358.1499938964844,349.6000061035156,357.0,26763318
2024-10-01,349.63470458984375,351.0,353.0,346.25,352.0,16421563
2024-10-03,344.2557373046875,345.6000061035156,350.5,339.04998779296875,345.0,24232870
2024-10-04,337.4821472167969,338.79998779296875,345.29998779296875,336.5,343.5,18945511
2024-10-07,335.04168701171875,336.3500061035156,348.8999938964844,329.20001220703125,346.1000061035156,38001804
2024-10-08,344.2557373046875,345.6000061035156,349.70001220703125,333.0,334.75,20853384
2024-10-09,341.66583251953125,343.0,348.0,341.54998779296875,345.0,12692777
2024-10-10,342.4626770019531,343.79998779296875,347.5,343.0,345.0,8914571
2024-10-11,340.1716613769531,341.5,344.45001220703125,340.45001220703125,343.45001220703125,8105506
2024-10-14,338.727294921875,340.04998779296875,343.45001220703125,339.25,342.79998779296875,7284123
2024-10-15,335.44012451171875,336.75,341.95001220703125,336.1000061035156,341.95001220703125,9425660
2024-10-16,332.3522033691406,333.6499938964844,339.20001220703125,332.5,337.04998779296875,10530774
2024-10-17,327.86968994140625,329.1499938964844,335.0,328.6000061035156,334.8500061035156,9765396
2024-10-18,329.0650329589844,330.3500061035156,332.8999938964844,325.5,329.1499938964844,9740536
2024-10-21,325.9272766113281,327.20001220703125,334.3999938964844,326.04998779296875,334.3999938964844,8404918
2024-10-22,312.8283996582031,314.04998779296875,328.3999938964844,311.1000061035156,328.0,16864967
2024-10-23,313.47589111328125,314.70001220703125,321.45001220703125,313.1499938964844,316.25,15298133
2024-10-24,314.8704528808594,316.1000061035156,318.3999938964844,314.8500061035156,315.0,7628619
2024-10-25,309.989501953125,311.20001220703125,317.8500061035156,306.0,317.5,12405373
2024-10-28,315.4183044433594,316.6499938964844,319.25,310.6499938964844,314.5,9290007
2024-10-29,324.9311828613281,326.20001220703125,326.95001220703125,313.8999938964844,317.70001220703125,14904512
2024-10-30,318.7054748535156,319.95001220703125,326.75,318.54998779296875,326.75,11570929
2024-10-31,321.04632568359375,322.29998779296875,323.8999938964844,317.70001220703125,319.95001220703125,6666478
2024-11-01,324.9311828613281,326.20001220703125,326.8500061035156,324.20001220703125,325.0,4366260
2024-11-04,318.6058654785156,319.8500061035156,326.79998779296875,319.29998779296875,326.79998779296875,8097386
2024-11-05,320.64788818359375,321.8999938964844,324.0,318.75,320.0,5979530
2024-11-06,324.78173828125,326.04998779296875,327.8999938964844,322.79998779296875,323.95001220703125,7203398
2024-11-07,320.29925537109375,321.54998779296875,328.5,320.54998779296875,327.0,7046798
2024-11-08,314.8206481933594,316.04998779296875,322.3500061035156,314.79998779296875,321.70001220703125,7871347
2024-11-11,310.7864074707031,312.0,316.1000061035156,310.6000061035156,314.0,8429474
2024-11-12,309.043212890625,310.25,316.1499938964844,310.0,312.20001220703125,5765828
2024-11-13,298.23541259765625,299.3999938964844,310.0,298.0,310.0,14563487
2024-11-14,317.1117248535156,318.3500061035156,320.5,302.75,302.75,42750072
2024-11-18,317.5599365234375,318.79998779296875,322.8999938964844,313.8500061035156,320.0,15570302
2024-11-19,318.1078186035156,319.3500061035156,323.79998779296875,317.1000061035156,320.0,9800376
2024-11-21,312.9778747558594,314.20001220703125,318.8999938964844,313.04998779296875,317.0,9585103
2024-11-22,312.5793762207031,313.79998779296875,317.70001220703125,312.3500061035156,314.5,11366576
2024-11-25,321.9926452636719,323.25,325.0,318.0,318.8500061035156,25530717
2024-11-26,324.78173828125,326.04998779296875,326.8999938964844,320.1000061035156,321.45001220703125,11006017
2024-11-27,327.62066650390625,328.8999938964844,331.95001220703125,322.3999938964844,325.70001220703125,11501641
2024-11-28,324.18408203125,325.45001220703125,331.3999938964844,325.0,328.95001220703125,9679906
2024-11-29,327.07281494140625,328.3500061035156,332.29998779296875,325.3500061035156,325.54998779296875,18285878
2024-12-02,328.4175720214844,329.70001220703125,330.5,325.1000061035156,326.0,8216182
2024-12-03,339.0261535644531,340.3500061035156,342.45001220703125,329.8500061035156,331.3500061035156,18445722
2024-12-04,343.8572692871094,345.20001220703125,347.3500061035156,340.6499938964844,342.1000061035156,16774994
2024-12-05,340.1716613769531,341.5,347.29998779296875,339.6000061035156,346.75,11818459
2024-12-06,337.581787109375,338.8999938964844,343.04998779296875,338.5,343.04998779296875,8074543
2024-12-09,335.5397644042969,336.8500061035156,341.29998779296875,335.8999938964844,338.5,10589894
2024-12-10,333.79656982421875,335.1000061035156,337.95001220703125,333.6499938964844,337.0,7366133
2024-12-11,341.66583251953125,343.0,345.0,333.29998779296875,334.70001220703125,20098921
2024-12-12,336.9841003417969,338.29998779296875,346.29998779296875,337.20001220703125,343.79998779296875,10639649
2024-12-13,338.428466796875,339.75,340.70001220703125,330.6499938964844,337.0,9126606
2024-12-16,339.0261535644531,340.3500061035156,342.45001220703125,338.1499938964844,339.25,6632276
2024-12-17,335.78875732421875,337.1000061035156,340.8999938964844,335.8999938964844,339.04998779296875,8027327
2024-12-18,323.3373718261719,324.6000061035156,337.0,323.54998779296875,336.0,13957883
2024-12-19,311.78253173828125,313.0,319.8999938964844,310.75,318.0,21490551
2024-12-20,303.1163635253906,304.29998779296875,314.75,302.79998779296875,314.75,19669669
2024-12-23,303.5148010253906,304.70001220703125,308.8500061035156,302.04998779296875,308.79998779296875,11299664
2024-12-24,303.5148010253906,304.70001220703125,307.0,303.6000061035156,304.70001220703125,6911511
2024-12-26,304.3614807128906,305.54998779296875,306.70001220703125,302.8999938964844,304.70001220703125,8189884
2024-12-27,303.76385498046875,304.95001220703125,307.3500061035156,304.5,305.95001220703125,6020942
2024-12-30,305.0587463378906,306.25,308.95001220703125,301.0,305.0,45642158
2024-12-31,297.53814697265625,298.70001220703125,303.8500061035156,296.25,303.8500061035156,17838917
2025-01-01,303.2657775878906,304.45001220703125,306.3999938964844,298.79998779296875,298.8999938964844,8948678
2025-01-02,303.5148010253906,304.70001220703125,307.0,303.3500061035156,306.0,18554117
2025-01-03,306.25408935546875,307.45001220703125,310.8999938964844,304.25,306.70001220703125,25288548
2025-01-06,295.5458984375,296.70001220703125,308.45001220703125,295.25,307.70001220703125,15616967
2025-01-07,297.98638916015625,299.1499938964844,301.0,297.25,298.0,8305881
2025-01-08,297.43853759765625,298.6000061035156,300.8500061035156,296.25,300.5,10545440
2025-01-09,288.1249084472656,289.25,298.5,288.79998779296875,298.5,15072307
2025-01-10,279.4587097167969,280.54998779296875,290.95001220703125,280.0,290.0,13906821
2025-01-13,265.1147155761719,266.1499938964844,278.0,265.04998779296875,277.79998779296875,22870943
2025-01-14,271.7886657714844,272.8500061035156,274.0,264.20001220703125,267.45001220703125,19834738
2025-01-15,271.3404235839844,272.3999938964844,276.0,271.25,275.0,12932861
2025-01-16,275.7232971191406,276.79998779296875,278.79998779296875,274.8500061035156,277.0,9804897
2025-01-17,277.9147644042969,279.0,281.29998779296875,275.70001220703125,280.0,12895002
2025-01-20,274.6275939941406,275.70001220703125,280.0,271.1499938964844,279.0,15616628
2025-01-21,259.0882873535156,260.1000061035156,277.5,258.3999938964844,276.0,25289898
2025-01-22,261.77777099609375,262.79998779296875,263.6000061035156,254.0500030517578,261.70001220703125,19045792
2025-01-23,254.8548126220703,255.85000610351562,267.3999938964844,253.60000610351562,263.5,26848859
2025-01-24,243.49916076660156,244.4499969482422,257.3500061035156,243.5500030517578,256.0,38379153
2025-01-27,232.3925323486328,233.3000030517578,243.39999389648438,231.0500030517578,243.0,32924181
2025-01-28,232.4921417236328,233.39999389648438,238.5,231.3000030517578,237.0,32439612
2025-01-29,237.37307739257812,238.3000030517578,240.64999389648438,233.0,235.0,23719434
2025-01-30,233.88668823242188,234.8000030517578,242.25,233.5,240.64999389648438,27503919
2025-01-31,240.7100372314453,241.64999389648438,243.75,235.8000030517578,237.0,31130589
2025-02-01,240.57058715820312,241.50999450683594,245.5500030517578,239.25,244.39999389648438,24079793
2025-02-03,233.05992126464844,233.97000122070312,239.55999755859375,232.89999389648438,239.0,15183090
2025-02-04,244.14663696289062,245.10000610351562,246.9499969482422,235.0,236.39999389648438,23138568
2025-02-05,248.8482666015625,249.82000732421875,254.33999633789062,246.60000610351562,246.64999389648438,28695524
2025-02-06,249.5056915283203,250.47999572753906,253.7899932861328,248.64999389648438,252.60000610351562,16298230
2025-02-07,248.47970581054688,249.4499969482422,252.75,246.1300048828125,248.39999389648438,11922059
2025-02-10,242.01495361328125,242.9600067138672,250.0,242.05999755859375,249.27999877929688,11175493
2025-02-11,235.0222625732422,235.94000244140625,243.17999267578125,234.75,242.0,15330326
2025-02-12,226.734619140625,227.6199951171875,233.97999572753906,223.22999572753906,233.0,45167995
2025-02-13,227.1728973388672,228.05999755859375,233.0500030517578,227.0,228.17999267578125,15841475
2025-02-14,221.42535400390625,222.2899932861328,230.83999633789062,219.14999389648438,230.0,22176523
2025-02-17,221.584716796875,222.4499969482422,224.0,217.13999938964844,222.25,21988192
2025-02-18,220.16029357910156,221.02000427246094,223.97999572753906,217.00999450683594,223.55999755859375,19138944
2025-02-19,228.02957153320312,228.9199981689453,229.6999969482422,219.25999450683594,221.02000427246094,14085762
2025-02-20,234.3548583984375,235.27000427246094,235.89999389648438,225.89999389648438,228.0,15681050
2025-02-21,232.76107788085938,233.6699981689453,238.5500030517578,232.63999938964844,236.0,15152682
2025-02-24,227.56138610839844,228.4499969482422,233.5,228.00999450683594,231.0,14715002
2025-02-25,225.43968200683594,226.32000732421875,231.6699981689453,225.25,229.58999633789062,11683220
2025-02-27,220.837646484375,221.6999969482422,228.0,221.0500030517578,226.36000061035156,16215296
2025-02-28,206.80245971679688,207.61000061035156,219.89999389648438,207.0,219.25999450683594,50855490
2025-03-03,200.1384735107422,200.9199981689453,210.25,198.64999389648438,210.0,51311993
2025-03-04,205.57723999023438,206.3800048828125,208.0399932861328,199.02000427246094,199.99000549316406,50579885
2025-03-05,216.2555389404297,217.10000610351562,217.66000366210938,207.0,207.0,36954756
2025-03-06,219.08450317382812,219.94000244140625,222.38999938964844,218.05999755859375,222.0,24296337
2025-03-07,220.94720458984375,221.80999755859375,224.5,218.7899932861328,220.0,27997558
2025-03-10,215.65786743164062,216.5,224.89999389648438,215.5,222.60000610351562,19521402
2025-03-11,216.7137451171875,217.55999755859375,218.99000549316406,213.00999450683594,214.6999969482422,20118890
2025-03-12,224.6527557373047,225.52999877929688,226.5,216.72000122070312,220.0,28455086
2025-03-13,221.73414611816406,222.60000610351562,228.94000244140625,221.32000732421875,227.8800048828125,25219084
2025-03-17,218.6661376953125,219.52000427246094,223.85000610351562,218.5399932861328,223.1199951171875,22290255
2025-03-18,218.6661376953125,219.52000427246094,219.52000427246094,219.52000427246094,219.52000427246094,0
2025-03-19,227.9498748779297,228.83999633789062,231.25,225.63999938964844,227.27000427246094,21456932
2025-03-20,230.78878784179688,231.69000244140625,234.25,228.9499969482422,231.0,24426400
2025-03-21,228.22877502441406,229.1199951171875,235.94000244140625,228.0500030517578,232.0,46879564
2025-03-24,231.77493286132812,232.67999267578125,234.4600067138672,230.6999969482422,231.89999389648438,26607361
2025-03-25,226.64495849609375,227.52999877929688,234.1999969482422,226.30999755859375,234.10000610351562,22492788
2025-03-26,221.8038787841797,222.6699981689453,228.89999389648438,222.00999450683594,228.0,19372538
2025-03-27,224.90176391601562,225.77999877929688,228.0,221.3300018310547,222.1699981689453,188868886
2025-03-28,226.62503051757812,227.50999450683594,232.3000030517578,226.11000061035156,227.17999267578125,30356334
2025-04-01,229.5237274169922,230.4199981689453,231.2899932861328,225.2100067138672,227.0,18781790
2025-04-02,228.88621520996094,229.77999877929688,230.99000549316406,225.3000030517578,230.99000549316406,16203186
2025-04-03,229.51376342773438,230.41000366210938,231.7899932861328,226.5,227.0,11752612
2025-04-04,221.4552459716797,222.32000732421875,230.35000610351562,220.8000030517578,230.0500030517578,20832533
2025-04-07,212.68946838378906,213.52000427246094,215.0,203.10000610351562,203.10000610351562,25772065
2025-04-08,223.935546875,224.80999755859375,225.5,216.6199951171875,217.0,25131280
2025-04-09,220.0606689453125,220.9199981689453,224.0,218.25,224.0,19372735
2025-04-11,229.1252899169922,230.02000427246094,230.97999572753906,223.72000122070312,225.77999877929688,24630876
2025-04-15,237.64202880859375,238.57000732421875,239.49000549316406,232.60000610351562,235.89999389648438,27663804
2025-04-16,241.3376007080078,242.27999877929688,242.75,237.25999450683594,239.0500030517578,27720767
2025-04-17,245.51129150390625,246.47000122070312,248.0,238.3000030517578,242.94000244140625,30422206
2025-04-21,245.42164611816406,246.3800048828125,250.0,244.5,250.0,31786610
2025-04-22,249.58538818359375,250.55999755859375,251.33999633789062,243.6999969482422,245.5,30235264
2025-04-23,257.13592529296875,258.1400146484375,258.54998779296875,251.38999938964844,252.0,37568336
2025-04-24,257.7734375,258.7799987792969,259.79998779296875,256.5,258.0,17152009
2025-04-25,252.06570434570312,253.0500030517578,261.6199951171875,249.10000610351562,258.7799987792969,33348716
2025-04-28,256.8968200683594,257.8999938964844,259.70001220703125,252.3000030517578,252.38999938964844,19380922
2025-04-29,256.6278991699219,257.6300048828125,259.75,255.60000610351562,258.1000061035156,12494831
2025-04-30,259.40704345703125,260.4200134277344,263.29998779296875,255.1999969482422,256.0,32058337
2025-05-02,258.3412170410156,259.3500061035156,265.20001220703125,257.75,262.8999938964844,16935190
2025-05-05,259.5863342285156,260.6000061035156,262.3999938964844,259.29998779296875,259.6000061035156,10986246
2025-05-06,250.222900390625,251.1999969482422,260.75,250.39999389648438,259.25,18568703
2025-05-07,255.10385131835938,256.1000061035156,256.70001220703125,245.0500030517578,245.0500030517578,19393399
2025-05-08,250.471923828125,251.4499969482422,258.29998779296875,249.39999389648438,256.1000061035156,14849940
2025-05-09,247.3839874267578,248.35000610351562,250.0,242.0,244.10000610351562,25011071
2025-05-12,261.87738037109375,262.8999938964844,263.5,257.0,258.95001220703125,19437052
2025-05-13,266.3598937988281,267.3999938964844,268.95001220703125,261.5,263.20001220703125,19305043
2025-05-14,266.4595031738281,267.5,269.95001220703125,265.20001220703125,268.79998779296875,13255755
2025-05-15,272.6353759765625,273.70001220703125,274.6000061035156,265.5,268.0,16201350
2025-05-16,275.92254638671875,277.0,277.95001220703125,273.04998779296875,274.1000061035156,13449060
2025-05-19,275.97235107421875,277.04998779296875,279.3500061035156,275.75,277.0,10202024
2025-05-20,270.3941650390625,271.45001220703125,278.0,270.8500061035156,277.1000061035156,12885413
2025-05-21,273.2828674316406,274.3500061035156,275.5,270.3500061035156,271.5,10476515
2025-05-22,273.4820556640625,274.54998779296875,277.3500061035156,271.3999938964844,274.45001220703125,13207455
2025-05-23,280.654052734375,281.75,283.6499938964844,274.54998779296875,274.95001220703125,13548313
2025-05-26,280.654052734375,281.75,284.70001220703125,281.3500061035156,282.75,8653797
2025-05-27,290.2665100097656,291.3999938964844,292.8999938964844,279.1000061035156,280.0,24400393
2025-05-28,289.22064208984375,290.3500061035156,299.25,288.79998779296875,296.04998779296875,37169009
2025-05-29,286.7303466796875,287.8500061035156,292.04998779296875,285.5,291.75,15854792
2025-05-30,285.5350036621094,286.6499938964844,291.0,285.6000061035156,288.0,17881681
2025-06-02,285.3357849121094,286.45001220703125,289.20001220703125,283.3999938964844,286.95001220703125,12638716
2025-06-03,282.7956848144531,283.8999938964844,290.79998779296875,283.1000061035156,287.75,9276084
2025-06-04,289.22064208984375,290.3500061035156,291.70001220703125,282.5,283.8999938964844,13640678
2025-06-05,290.36614990234375,291.5,293.0,289.54998779296875,292.0,11867068
2025-06-06,292.8564147949219,294.0,296.8999938964844,290.5,292.0,15858719
2025-06-09,303.0665283203125,304.25,305.5,295.6499938964844,296.0,26608267
2025-06-10,301.6221618652344,302.79998779296875,306.8500061035156,302.1000061035156,305.79998779296875,15246190
2025-06-11,301.4727783203125,302.6499938964844,306.79998779296875,299.70001220703125,303.5,17551031
2025-06-12,294.8486328125,296.0,303.8500061035156,295.0,303.8500061035156,16175003
2025-06-13,292.90618896484375,294.04998779296875,295.29998779296875,287.79998779296875,288.0,16908691
2025-06-16,293.0058288574219,294.1499938964844,294.95001220703125,287.5,293.5,16256316
2025-06-17,288.6727600097656,289.79998779296875,295.5,289.3999938964844,295.0,8857573
2025-06-18,287.0291748046875,288.1499938964844,292.6499938964844,287.3500061035156,289.0,8400088
2025-06-19,282.99493408203125,284.1000061035156,290.6000061035156,282.70001220703125,289.5,13910925
2025-06-20,293.1054382324219,294.25,295.0,283.0,283.20001220703125,21062467
2025-06-23,292.00970458984375,293.1499938964844,295.8999938964844,287.45001220703125,288.54998779296875,13408538
2025-06-24,299.6299743652344,300.79998779296875,304.3999938964844,297.1000061035156,298.0,24073049
2025-06-25,302.1202392578125,303.29998779296875,304.95001220703125,302.0,303.70001220703125,11854474
2025-06-26,311.2844543457031,312.5,312.8999938964844,304.1000061035156,304.79998779296875,37158992
2025-06-27,322.1918640136719,323.45001220703125,329.29998779296875,312.8500061035156,314.1000061035156,60666211
2025-06-30,325.4790344238281,326.75,331.8999938964844,325.20001220703125,326.8999938964844,36746297
2025-07-01,328.3179626464844,329.6000061035156,331.8999938964844,327.1000061035156,328.20001220703125,20683383
2025-07-02,325.4292297363281,326.70001220703125,330.95001220703125,325.04998779296875,330.20001220703125,13385187
2025-07-03,323.7856140136719,325.04998779296875,328.75,324.54998779296875,327.54998779296875,11497044
2025-07-04,323.6860656738281,324.95001220703125,327.6000061035156,323.3500061035156,326.0,9623498
2025-07-07,326.7739562988281,328.04998779296875,329.70001220703125,323.04998779296875,324.95001220703125,13172854
2025-07-08,327.57086181640625,328.8500061035156,330.70001220703125,324.75,329.0,13953335
2025-07-09,328.5669860839844,329.8500061035156,335.29998779296875,328.75,329.0,24522736
2025-07-10,330.3599853515625,331.6499938964844,333.3999938964844,329.0,330.5,13973005
2025-07-11,324.53271484375,325.79998779296875,331.0,325.0,331.0,14554942
2025-07-14,317.8587951660156,319.1000061035156,327.70001220703125,317.6499938964844,325.0,17980889
2025-07-15,319.95062255859375,321.20001220703125,322.54998779296875,318.29998779296875,321.1000061035156,12753151
2025-07-16,318.3070068359375,319.54998779296875,322.70001220703125,318.6499938964844,321.0,14151922
2025-07-17,316.9124755859375,318.1499938964844,320.95001220703125,317.3500061035156,320.1000061035156,12037735
2025-07-18,315.6175537109375,316.8500061035156,323.95001220703125,313.75,320.5,29776471
2025-07-21,316.0159606933594,317.25,320.79998779296875,314.1000061035156,318.20001220703125,16996843
2025-07-22,309.591064453125,310.79998779296875,318.45001220703125,309.8500061035156,318.0,15797945
2025-07-23,313.2268981933594,314.45001220703125,315.20001220703125,311.6000061035156,311.6000061035156,9726960
2025-07-24,315.2190856933594,316.45001220703125,319.3999938964844,313.45001220703125,315.0,11348072
2025-07-25,310.0393371582031,311.25,315.54998779296875,310.20001220703125,315.54998779296875,10957081
2025-07-28,306.15447998046875,307.3500061035156,315.8500061035156,306.5,311.25,15732708
2025-07-29,319.85101318359375,321.1000061035156,322.5,306.29998779296875,306.29998779296875,27086587
2025-07-30,319.0541076660156,320.29998779296875,324.0,319.70001220703125,323.0,15393963
2025-07-31,327.96929931640625,329.25,332.6499938964844,316.45001220703125,317.0,49292436
2025-08-01,328.21832275390625,329.5,332.70001220703125,326.0,329.95001220703125,19635750
2025-08-04,332.6011962890625,333.8999938964844,335.5,328.6000061035156,329.8500061035156,19850637
2025-08-05,331.5552978515625,332.8500061035156,338.6000061035156,331.5,334.45001220703125,16052991
2025-08-06,325.27978515625,326.54998779296875,333.6000061035156,325.6000061035156,333.20001220703125,11615135
2025-08-07,324.2339172363281,325.5,328.0,316.79998779296875,323.0,16461908
2025-08-08,319.90081787109375,321.1499938964844,326.0,320.1000061035156,325.1000061035156,10312947
2025-08-11,326.9842224121094,327.75,328.6000061035156,320.79998779296875,321.0,11342718
2025-08-12,326.2359924316406,327.0,331.70001220703125,326.54998779296875,327.95001220703125,10094423
2025-08-13,329.82757568359375,330.6000061035156,332.6000061035156,328.6000061035156,328.6000061035156,11363627
2025-08-14,326.6350402832031,327.3999938964844,331.95001220703125,325.8500061035156,330.6000061035156,8079069
2025-08-18,328.58050537109375,329.3500061035156,333.70001220703125,327.6000061035156,331.25,9341169
2025-08-19,330.5259094238281,331.29998779296875,333.20001220703125,328.45001220703125,330.0,8842923
2025-08-20,327.6826171875,328.45001220703125,331.0,327.04998779296875,330.8500061035156,8822662
2025-08-21,323.0933532714844,323.8500061035156,329.3999938964844,322.6000061035156,329.0,10947441
2025-08-22,319.8509521484375,320.6000061035156,326.29998779296875,320.1000061035156,324.79998779296875,8800338
2025-08-25,318.95306396484375,319.70001220703125,322.3500061035156,318.3500061035156,322.0,11445521
2025-08-26,315.01226806640625,315.75,320.1499938964844,314.20001220703125,319.5,10076775
2025-08-28,309.37548828125,310.1000061035156,316.8999938964844,309.5,315.75,15243091
2025-08-29,310.97174072265625,311.70001220703125,316.6499938964844,309.3500061035156,311.0,17274984
2025-09-01,313.31622314453125,314.04998779296875,314.5,307.20001220703125,311.70001220703125,11486206
2025-09-02,311.0216064453125,311.75,316.25,311.0,314.20001220703125,13220799
2025-09-03,312.9670715332031,313.70001220703125,314.70001220703125,309.79998779296875,311.0,11360605
2025-09-04,308.72698974609375,309.45001220703125,316.0,309.0,315.25,10392904
2025-09-05,308.6770935058594,309.3999938964844,313.8999938964844,308.8999938964844,310.0,8618197
2025-09-08,310.3731384277344,311.1000061035156,313.3500061035156,309.6000061035156,310.75,6198613
2025-09-09,307.2304992675781,307.95001220703125,312.3500061035156,307.25,311.1000061035156,10103729
2025-09-10,309.3255615234375,310.04998779296875,313.3999938964844,309.25,310.0,10838910
2025-09-11,309.9740905761719,310.70001220703125,312.5,309.95001220703125,310.04998779296875,6146666
2025-09-12,310.472900390625,311.20001220703125,312.20001220703125,310.0,311.04998779296875,6049420
2025-09-15,314.61322021484375,315.3500061035156,316.6499938964844,310.0,311.04998779296875,14414947
2025-09-16,314.7129821777344,315.45001220703125,317.79998779296875,314.29998779296875,315.79998779296875,10963429
2025-09-17,315.1120300292969,315.8500061035156,318.70001220703125,315.0,315.8999938964844,8836571
2025-09-18,316.6085510253906,317.3500061035156,317.95001220703125,315.8999938964844,316.29998779296875,9396848
2025-09-19,316.25933837890625,317.0,321.6000061035156,315.79998779296875,317.6000061035156,17671561
2025-09-22,313.11669921875,313.8500061035156,319.0,312.79998779296875,317.0,7711667
2025-09-23,311.8197326660156,312.54998779296875,315.0,310.75,313.8500061035156,11896537
2025-09-24,306.0332946777344,306.75,314.1000061035156,306.0,314.0,11253782
2025-09-25,300.89532470703125,301.6000061035156,308.29998779296875,301.0,306.75,12147554
2025-09-26,295.1587829589844,295.8500061035156,301.6000061035156,294.3500061035156,300.8999938964844,11503280
2025-09-29,293.51263427734375,294.20001220703125,299.8999938964844,293.3999938964844,296.0,9607887
2025-09-30,292.51495361328125,293.20001220703125,296.79998779296875,292.20001220703125,295.0,10119815
2025-10-01,299.34893798828125,300.04998779296875,300.8500061035156,293.04998779296875,294.0,8551743
2025-10-03,300.9951171875,301.70001220703125,302.95001220703125,298.79998779296875,300.04998779296875,8773415
2025-10-06,305.5344543457031,306.25,306.6499938964844,301.5,302.0,8816471
2025-10-07,309.1759338378906,309.8999938964844,315.0,306.29998779296875,306.3500061035156,18717966
2025-10-08,303.9382019042969,304.6499938964844,310.95001220703125,304.20001220703125,309.8999938964844,7853613
2025-10-09,306.63189697265625,307.3500061035156,308.1499938964844,305.29998779296875,305.29998779296875,6279739
2025-10-10,307.4300231933594,308.1499938964844,310.3999938964844,306.6499938964844,307.0,7654597
2025-10-13,307.7293395996094,308.45001220703125,308.79998779296875,304.70001220703125,306.0,6533659
2025-10-14,304.885986328125,305.6000061035156,310.79998779296875,305.1000061035156,309.6499938964844,7420573
2025-10-15,311.91949462890625,312.6499938964844,312.95001220703125,305.6000061035156,305.6000061035156,14796118
2025-10-16,311.37078857421875,312.1000061035156,314.29998779296875,310.6000061035156,314.04998779296875,10445546
2025-10-17,308.57733154296875,309.29998779296875,314.75,307.04998779296875,313.54998779296875,13963053
2025-10-20,309.9740905761719,310.70001220703125,315.79998779296875,309.1000061035156,309.20001220703125,14883909
2025-10-21,311.07147216796875,311.79998779296875,313.29998779296875,311.04998779296875,311.45001220703125,3190393
2025-10-23,308.3279113769531,309.04998779296875,313.8500061035156,308.3999938964844,312.0,11107313
2025-10-24,305.23516845703125,305.95001220703125,311.1499938964844,305.5,310.0,8292307
2025-10-27,304.8360900878906,305.54998779296875,307.8999938964844,305.1499938964844,306.8500061035156,8333968
2025-10-28,307.2304992675781,307.95001220703125,308.75,305.04998779296875,306.1000061035156,11236088
2025-10-29,309.0262756347656,309.75,310.75,307.6000061035156,307.79998779296875,8605721
2025-10-30,309.076171875,309.79998779296875,312.79998779296875,309.1499938964844,310.1000061035156,8517048
2025-10-31,306.0831604003906,306.79998779296875,310.95001220703125,306.25,309.0,6533999
2025-11-03,306.0831604003906,306.79998779296875,308.3999938964844,303.5,306.20001220703125,8075806
2025-11-04,301.1946105957031,301.8999938964844,306.95001220703125,301.3500061035156,306.0,8396727
2025-11-06,297.40350341796875,298.1000061035156,303.20001220703125,297.5,301.8999938964844,8339076
2025-11-07,298.6006774902344,299.29998779296875,300.1499938964844,293.5,297.0,9364502
2025-11-10,301.2445373535156,301.95001220703125,303.3999938964844,299.6499938964844,299.6499938964844,8870055
2025-11-11,304.1876220703125,304.8999938964844,305.6499938964844,297.6499938964844,302.0,10752137
2025-11-12,308.7768859863281,309.5,310.29998779296875,305.25,305.29998779296875,12029642
2025-11-13,309.9740905761719,310.70001220703125,316.6000061035156,309.70001220703125,310.0,15761851
2025-11-14,314.16424560546875,314.8999938964844,315.70001220703125,309.29998779296875,311.0,13675544
2025-11-17,311.2710266113281,312.0,316.8500061035156,311.1499938964844,316.0,8876003
2025-11-18,305.23516845703125,305.95001220703125,311.8500061035156,305.45001220703125,311.1499938964844,8869128
2025-11-19,303.7386779785156,304.45001220703125,306.3999938964844,303.6000061035156,305.8500061035156,5882303
2025-11-20,307.62957763671875,308.3500061035156,309.6000061035156,305.20001220703125,305.6000061035156,7784069
2025-11-21,302.84075927734375,303.54998779296875,308.3500061035156,303.0,307.0,5973657
2025-11-24,299.1494140625,299.8500061035156,304.3500061035156,299.1000061035156,303.29998779296875,12349069
2025-11-25,300.0971984863281,300.79998779296875,303.3999938964844,299.6000061035156,299.75,7131282
2025-11-26,307.2803649902344,308.0,308.6499938964844,301.5,301.5,8885249
2025-11-27,305.7340087890625,306.45001220703125,309.79998779296875,305.0,309.0,5565162
2025-11-28,305.4845886230469,306.20001220703125,308.0,305.5,306.1499938964844,5488672
2025-12-01,304.0379638671875,304.75,308.1499938964844,303.54998779296875,307.1000061035156,6225454
2025-12-02,304.13775634765625,304.8500061035156,307.0,303.0,303.0,8589532
2025-12-03,300.2967224121094,301.0,305.70001220703125,298.45001220703125,305.0,8408528
2025-12-04,301.5438232421875,302.25,303.45001220703125,300.0,301.0,5601692
2025-12-05,303.0403137207031,303.75,304.45001220703125,300.25,302.0,6506083
2025-12-08,296.505615234375,297.20001220703125,304.25,295.25,303.0,12432114
2025-12-09,292.51495361328125,293.20001220703125,296.79998779296875,288.75,296.1499938964844,13376328
2025-12-10,290.1704406738281,290.8500061035156,295.3999938964844,289.25,294.0,8655536
2025-12-11,297.7527160644531,298.45001220703125,299.0,290.0,291.0,9589482
2025-12-12,300.04730224609375,300.75,302.3999938964844,298.75,300.0,7955711
2025-12-15,298.8999938964844,299.6000061035156,300.3999938964844,297.54998779296875,299.0,4850351
2025-12-16,294.5601501464844,295.25,298.75,294.5,298.04998779296875,7141463
2025-12-17,292.4650573730469,293.1499938964844,296.0,291.70001220703125,295.0,5906902
2025-12-18,291.6170349121094,292.29998779296875,293.54998779296875,289.75,292.70001220703125,6478984
2025-12-19,296.2561950683594,296.95001220703125,297.79998779296875,293.3500061035156,294.1000061035156,8767177
2025-12-22,298.052001953125,298.75,299.95001220703125,297.8999938964844,298.0,5136735
2025-12-23,298.0021057128906,298.70001220703125,299.75,297.70001220703125,299.54998779296875,5346120
2025-12-24,298.2016296386719,298.8999938964844,302.6000061035156,298.04998779296875,298.70001220703125,6548391
2025-12-26,296.2561950683594,296.95001220703125,299.79998779296875,296.1499938964844,298.0,3945249
2025-12-29,293.2632141113281,293.95001220703125,297.54998779296875,293.3500061035156,297.0,4713140
2025-12-30,291.81658935546875,292.5,293.8500061035156,291.3999938964844,293.0,6850674
2025-12-31,294.2608642578125,294.95001220703125,296.8999938964844,292.6000061035156,292.6000061035156,6540400
2026-01-01,295.0091247558594,295.70001220703125,296.75,294.1499938964844,295.3999938964844,3697802
2026-01-02,300.9951171875,301.70001220703125,303.0,295.5,295.6000061035156,10604978
2026-01-05,299.6981201171875,300.3999938964844,302.45001220703125,298.8500061035156,301.79998779296875,6971528
2026-01-06,297.8524475097656,298.54998779296875,302.29998779296875,293.5,300.1000061035156,10930694
2026-01-07,302.7908935546875,303.5,306.0,296.6499938964844,298.0,20416851
2026-01-08,292.8641357421875,293.54998779296875,304.29998779296875,292.1499938964844,303.29998779296875,12255998
2026-01-09,286.578857421875,287.25,294.6000061035156,286.1499938964844,292.0,11375541
2026-01-12,287.5765075683594,288.25,289.0,280.75,287.25,12216471
2026-01-13,283.93505859375,284.6000061035156,290.20001220703125,281.8999938964844,289.1000061035156,12956779
2026-01-14,286.3294372558594,287.0,287.8500061035156,281.8500061035156,281.95001220703125,6701056
2026-01-15,286.3294372558594,287.0,287.0,287.0,287.0,0
2026-01-16,278.1485900878906,278.79998779296875,291.0,277.1499938964844,287.0,18934861
2026-01-19,275.0059509277344,275.6499938964844,281.6499938964844,274.1000061035156,279.3999938964844,13006403
2026-01-20,264.8796691894531,265.5,276.45001220703125,263.20001220703125,275.1000061035156,18750739
2026-01-21,262.6349182128906,263.25,269.20001220703125,262.5,265.29998779296875,19266179
2026-01-22,261.9864501953125,262.6000061035156,268.1499938964844,259.75,267.0,12282969
2026-01-23,252.30911254882812,252.89999389648438,266.25,252.25,264.0,14857605
2026-01-27,255.4517364501953,256.04998779296875,257.5,250.1999969482422,253.8000030517578,14773866
2026-01-28,254.60372924804688,255.1999969482422,258.3999938964844,253.0,257.8500061035156,19034680
2026-01-29,253.90538024902344,254.5,256.8500061035156,252.4499969482422,255.8000030517578,12165356
2026-01-30,253.90538024902344,254.5,257.6000061035156,249.5500030517578,253.0,13448707
2026-02-02,243.52967834472656,244.10000610351562,245.3000030517578,237.0,242.39999389648438,17248818
2026-02-03,263.2834167480469,263.8999938964844,267.0,256.95001220703125,260.04998779296875,40223294
2026-02-04,267.37384033203125,268.0,269.8999938964844,263.95001220703125,265.0,14556924
2026-02-05,269.31927490234375,269.95001220703125,271.6499938964844,267.5,268.1000061035156,15768740
2026-02-06,267.4736022949219,268.1000061035156,270.3999938964844,266.5,269.95001220703125,8939766
2026-02-09,268.62091064453125,269.25,271.3999938964844,268.75,270.54998779296875,8211716
2026-02-10,269.5686950683594,270.20001220703125,274.3500061035156,269.0,270.0,12632673
2026-02-11,269.66845703125,270.29998779296875,271.6000061035156,268.29998779296875,271.0,6544008
2026-02-12,266.92486572265625,267.54998779296875,270.1000061035156,266.70001220703125,270.0,8681589
2026-02-13,263.33331298828125,263.95001220703125,267.25,262.8500061035156,265.0,12222314
2026-02-16,261.9365539550781,262.54998779296875,263.25,259.54998779296875,262.04998779296875,13826571
2026-02-17,261.6871337890625,262.29998779296875,264.20001220703125,260.8999938964844,262.3999938964844,7407032
2026-02-18,263.4829406738281,264.1000061035156,264.5,261.75,263.0,9451007
2026-02-19,257.99578857421875,258.6000061035156,265.54998779296875,257.3500061035156,264.1000061035156,8482281
2026-02-20,257.99578857421875,258.6000061035156,260.75,257.54998779296875,258.1000061035156,11215176
2026-02-23,257.1976623535156,257.79998779296875,260.3999938964844,256.1499938964844,260.0,9454337
2026-02-24,254.65362548828125,255.25,257.20001220703125,253.1999969482422,257.20001220703125,10953963
2026-02-25,256.34967041015625,256.95001220703125,259.45001220703125,255.64999389648438,257.04998779296875,8837176
2026-02-26,255.551513671875,256.1499938964844,258.8500061035156,255.35000610351562,257.5,8691253
2026-02-27,254.8032684326172,255.39999389648438,259.20001220703125,254.64999389648438,257.0,13283249
2026-03-02,248.41822814941406,249.0,252.35000610351562,243.5500030517578,246.5500030517578,18412891
2026-03-04,240.73622131347656,241.3000030517578,245.39999389648438,239.8000030517578,245.0,13886010
2026-03-05,242.53201293945312,243.10000610351562,244.25,237.75,243.5,13760060
2026-03-06,238.790771484375,239.35000610351562,243.4499969482422,238.89999389648438,242.1999969482422,12566465
2026-03-09,231.70736694335938,232.25,233.9499969482422,226.3000030517578,233.9499969482422,19524751
2026-03-10,235.44859313964844,236.0,237.5500030517578,231.35000610351562,236.9499969482422,23126145
2026-03-11,238.1422882080078,238.6999969482422,242.8000030517578,237.5,237.89999389648438,16495797
2026-03-12,241.6341094970703,242.1999969482422,245.39999389648438,234.0,237.39999389648438,18865160
2026-03-13,234.70034790039062,235.25,240.60000610351562,234.25,240.0,13328248
2026-03-16,233.80245971679688,234.35000610351562,238.0,230.6999969482422,235.0,14936668
2026-03-17,237.04486083984375,237.60000610351562,238.6999969482422,234.35000610351562,235.0,10638093
2026-03-18,247.62008666992188,248.1999969482422,250.5,237.9499969482422,238.89999389648438,19579987
2026-03-19,238.89053344726562,239.4499969482422,244.85000610351562,237.60000610351562,242.9499969482422,15046012
2026-03-20,238.7408905029297,239.3000030517578,244.25,238.60000610351562,242.0,15021105
2026-03-23,225.5717315673828,226.10000610351562,236.3000030517578,225.39999389648438,236.1999969482422,21172068
2026-03-24,232.15631103515625,232.6999969482422,234.0,227.75,232.85000610351562,16119867
2026-03-25,236.7954559326172,237.35000610351562,241.0,234.75,235.0,15684548
2026-03-27,232.0066680908203,232.5500030517578,236.5,231.5500030517578,236.0,19784233
2026-03-30,223.576416015625,224.10000610351562,231.5,223.3000030517578,228.89999389648438,25943393
2026-04-01,231.3881072998047,231.92999267578125,233.0399932861328,228.0,233.0399932861328,21603793
2026-04-02,228.94383239746094,229.47999572753906,230.13999938964844,223.5500030517578,227.85000610351562,18541635
2026-04-06,234.7602081298828,235.30999755859375,236.0,226.10000610351562,230.8000030517578,16036376
2026-04-07,234.78016662597656,235.3300018310547,236.0,231.77000427246094,233.10000610351562,13783445
2026-04-08,246.28323364257812,246.86000061035156,248.10000610351562,242.14999389648438,245.10000610351562,19911975
2026-04-09,238.28196716308594,238.83999633789062,246.0,236.6999969482422,246.0,21124622
2026-04-10,242.63177490234375,243.1999969482422,243.8000030517578,240.0,240.6999969482422,12039959
2026-04-13,237.12466430664062,237.67999267578125,238.30999755859375,235.25999450683594,237.0,15386126
2026-04-15,242.09304809570312,242.66000366210938,244.25,241.50999450683594,242.5,20476591
2026-04-16,240.70628356933594,241.27000427246094,245.0,238.02000427246094,244.5,26180404
2026-04-17,243.2902374267578,243.86000061035156,245.5,240.63999938964844,242.02000427246094,51452527
2026-04-20,236.5959014892578,237.14999389648438,242.00999450683594,234.5,242.0,38415130
2026-04-21,234.20152282714844,234.75,237.60000610351562,234.10000610351562,237.27000427246094,46344616
2026-04-22,237.95272827148438,238.50999450683594,241.14999389648438,234.5500030517578,234.6999969482422,40251825
2026-04-23,248.0790252685547,248.66000366210938,251.6999969482422,238.5399932861328,240.0,74432271
2026-04-24,245.15586853027344,245.72999572753906,253.1999969482422,244.10000610351562,252.0,32701729
2026-04-27,253.04737854003906,253.63999938964844,254.6999969482422,247.02000427246094,247.10000610351562,25870371
2026-04-28,250.2239990234375,250.80999755859375,256.0,249.52999877929688,255.5,21934246
2026-04-29,250.12423706054688,250.7100067138672,257.0,250.02999877929688,252.11000061035156,22455886
2026-04-30,245.79437255859375,246.3699951171875,250.0,243.11000061035156,250.0,20595815
2026-05-01,245.79437255859375,246.3699951171875,246.3699951171875,246.3699951171875,246.3699951171875,0
2026-05-04,252.1494903564453,252.74000549316406,254.0,247.8699951171875,248.0,17828741
2026-05-05,247.8695068359375,248.4499969482422,253.6999969482422,247.3000030517578,252.0,16205692
2026-05-06,251.85018920898438,252.44000244140625,252.99000549316406,249.1699981689453,251.0,14692193
2026-05-07,250.4335174560547,251.02000427246094,254.14999389648438,250.5,253.5,16948101
2026-05-08,248.75743103027344,249.33999633789062,251.49000549316406,248.3000030517578,250.97999572753906,11367680
2026-05-11,239.7684783935547,240.3300018310547,246.4499969482422,239.8000030517578,246.0,18858507
2026-05-12,229.9315185546875,230.47000122070312,239.9499969482422,229.25999450683594,239.5399932861328,21663715
2026-05-13,230.9092254638672,231.4499969482422,234.0,229.1999969482422,231.0,13708347
2026-05-14,233.58297729492188,234.1300048828125,235.0,228.41000366210938,233.0,16545557
2026-05-15,232.51547241210938,233.05999755859375,235.9499969482422,232.58999633789062,234.89999389648438,10456724
2026-05-18,232.0864715576172,232.6300048828125,233.3300018310547,227.2100067138672,230.0,13156630
2026-05-19,232.73495483398438,233.27999877929688,236.10000610351562,232.3000030517578,232.6300048828125,9590375
2026-05-20,234.1217041015625,234.6699981689453,235.4600067138672,229.4199981689453,230.38999938964844,11303753
2026-05-21,235.22911071777344,235.77999877929688,238.3000030517578,235.05999755859375,236.5,12084486
2026-05-22,237.63348388671875,238.19000244140625,241.0,236.11000061035156,236.11000061035156,13517010
2026-05-25,241.17520141601562,241.74000549316406,243.64999389648438,240.1999969482422,241.0,9813693
2026-05-26,240.10768127441406,240.6699981689453,243.6999969482422,240.00999450683594,241.38999938964844,10437883
2026-05-27,242.32249450683594,242.88999938964844,243.86000061035156,240.7100067138672,241.0,9140875
2026-05-28,242.32249450683594,242.88999938964844,242.88999938964844,242.88999938964844,242.88999938964844,0
2026-05-29,238.39170837402344,238.9499969482422,245.14999389648438,238.0500030517578,244.0,22534996
2026-06-01,234.4010467529297,234.9499969482422,240.6999969482422,234.3000030517578,239.99000549316406,10854238
2026-06-02,237.0847625732422,237.63999938964844,238.5,232.25999450683594,233.75,10183097
2026-06-03,234.48086547851562,235.02999877929688,237.39999389648438,231.58999633789062,237.39999389648438,12256871
2026-06-04,235.189208984375,235.74000549316406,237.6999969482422,233.64999389648438,234.5,9053339
2026-06-05,236.33651733398438,236.88999938964844,239.3000030517578,235.13999938964844,235.2899932861328,12186829
2026-06-08,228.32528686523438,228.86000061035156,234.2100067138672,227.67999267578125,233.0,13089712
2026-06-09,233.6627960205078,234.2100067138672,234.49000549316406,229.57000732421875,229.57000732421875,9959663
2026-06-10,229.63221740722656,230.1699981689453,234.9499969482422,229.5500030517578,234.1999969482422,8453644
2026-06-11,227.48724365234375,228.02000427246094,229.8800048828125,227.0,229.64999389648438,11664899
2026-06-12,235.33885192871094,235.88999938964844,236.5,230.0,230.89999389648438,12744670
2026-06-15,238.9603729248047,239.52000427246094,243.69000244140625,239.0399932861328,241.5,18199317
2026-06-16,241.3846893310547,241.9499969482422,243.32000732421875,239.86000061035156,240.0500030517578,15505756
2026-06-17,242.41229248046875,242.97999572753906,244.74000549316406,241.22000122070312,242.1999969482422,10009881
2026-06-18,243.52967834472656,244.10000610351562,245.0,242.5,242.97999572753906,9457087
2026-06-19,243.8788604736328,244.4499969482422,246.85000610351562,242.02999877929688,244.0,22160659
2026-06-22,242.8113555908203,243.3800048828125,246.39999389648438,243.00999450683594,245.0,8096383
2026-06-23,237.25436401367188,237.80999755859375,244.19000244140625,237.1999969482422,244.0,11177956
2026-06-24,238.3118896484375,238.8699951171875,239.75,235.3000030517578,237.75999450683594,9540112
2026-06-25,238.87057495117188,239.42999267578125,241.92999267578125,238.5,240.0500030517578,8663156
2026-06-26,238.87057495117188,239.42999267578125,239.42999267578125,239.42999267578125,239.42999267578125,0
2026-06-29,236.15695190429688,236.7100067138672,239.1999969482422,235.9199981689453,239.0,9229023
2026-06-30,235.8875732421875,236.44000244140625,238.32000732421875,235.25999450683594,237.0,9951114
2026-07-01,239.44921875,240.00999450683594,240.75999450683594,236.5,236.75999450683594,7959631
2026-07-02,239.1698760986328,239.72999572753906,240.7899932861328,238.8300018310547,240.00999450683594,5834832
2026-07-03,238.790771484375,239.35000610351562,242.1999969482422,238.86000061035156,241.0500030517578,8863322
2026-07-06,239.4392547607422,240.0,240.6699981689453,238.10000610351562,239.1999969482422,9664713
2026-07-07,242.50209045410156,243.07000732421875,245.25,239.4499969482422,239.9499969482422,23069644
2026-07-08,229.45265197753906,229.99000549316406,242.0,229.0,242.0,37304617
2026-07-09,232.82473754882812,233.3699951171875,234.22000122070312,230.77000427246094,231.0,11583829
2026-07-10,241.39468383789062,241.9600067138672,243.5,233.9499969482422,235.0,27714158
2026-07-13,240.84596252441406,241.41000366210938,243.47999572753906,239.35000610351562,239.8000030517578,13432355
2026-07-14,235.41867065429688,235.97000122070312,239.88999938964844,235.1999969482422,239.6999969482422,10014430
2026-07-15,236.03721618652344,236.58999633789062,238.5,235.35000610351562,237.1999969482422,9708543
2026-07-16,235.0994110107422,235.64999389648438,237.91000366210938,234.10000610351562,237.77999877929688,9649365
2026-07-17,242.41229248046875,242.97999572753906,249.9499969482422,242.0,247.5,95978862
2026-07-20,238.3617706298828,238.9199981689453,243.11000061035156,238.10000610351562,243.0,19257829
2026-07-21,239.46917724609375,240.02999877929688,241.1999969482422,236.7100067138672,239.47999572753906,17460387
2026-07-22,234.25140380859375,234.8000030517578,241.44000244140625,234.19000244140625,239.36000061035156,17633281
2026-07-23,232.615234375,233.16000366210938,235.77999877929688,232.35000610351562,234.0,9274393
2026-07-24,234.16162109375,234.7100067138672,235.47999572753906,231.2100067138672,232.0,10217898
2026-07-27,235.61819458007812,236.1699981689453,237.39999389648438,235.25999450683594,237.0,6984152
2026-07-28,236.5260772705078,237.0800018310547,239.2100067138672,235.50999450683594,236.0,11263195
2026-07-29,248.8970947265625,249.47999572753906,253.89999389648438,237.50999450683594,238.0,48984683
2026-07-30,246.37301635742188,246.9499969482422,249.89999389648438,245.10000610351562,248.75,15570324
2026-07-31,255.8607940673828,256.4599914550781,257.05999755859375,247.0,247.5,42840807
2026-08-03,262.3855285644531,263.0,266.95001220703125,256.29998779296875,260.0,36582683
2026-08-04,264.3808288574219,265.0,266.6000061035156,261.8999938964844,264.0,24776731
2026-08-05,261.3379821777344,261.95001220703125,268.20001220703125,260.70001220703125,266.6499938964844,19828927
2026-08-06,262.48529052734375,263.1000061035156,266.3500061035156,260.29998779296875,262.20001220703125,15775224
2026-08-07,256.1999816894531,256.79998779296875,263.3999938964844,256.79998779296875,263.1000061035156,10858220
2026-08-10,254.0,254.0,257.8500061035156,253.5500030517578,256.79998779296875,9861960
2026-08-11,252.75,252.75,254.0,252.0,253.89999389648438,6019790
2026-08-12,256.04998779296875,256.04998779296875,256.04998779296875,249.0,252.75,13290344
2026-08-13,255.60000610351562,255.60000610351562,263.3999938964844,254.0,261.95001220703125,48657061
2026-08-14,249.0500030517578,249.0500030517578,255.60000610351562,249.0500030517578,255.60000610351562,16541508
2026-08-17,249.75,249.75,249.89999389648438,245.75,249.0500030517578,11490495
2026-08-18,245.8000030517578,245.8000030517578,248.89999389648438,245.8000030517578,248.89999389648438,9238709
2026-08-19,243.14999389648438,243.14999389648438,246.3000030517578,241.5,245.8000030517578,9712757
2026-08-20,244.60000610351562,244.60000610351562,247.25,243.75,244.0,8819149
2026-08-21,244.0,244.0,245.8000030517578,243.5,244.3000030517578,5583469
2026-08-24,242.0,242.0,245.35000610351562,242.0,244.5500030517578,6651365
2026-08-25,243.14999389648438,243.14999389648438,243.14999389648438,240.39999389648438,242.0,9800689
2026-08-26,241.0,241.0,245.0,241.0,244.14999389648438,6814531
